data,fechamento_previsto,minima_previsto,maxima_previsto,minima_tendencia,maxima_tendencia,Close
2021-01-04,27.58901604300097,24.58119584647444,30.48930746804745,27.853316461395266,27.853316461395266,28.90999984741211
2021-01-05,27.55572462939966,24.725338875701677,30.47504134347037,27.819229157717867,27.819229157717867,30.040000915527344
2021-01-06,27.635233057796416,24.94221671913908,30.590397097036632,27.785141854040468,27.785141854040468,30.100000381469727
2021-01-07,27.645410822744775,24.977533880905458,30.503808030388964,27.75105455036307,27.75105455036307,31.0
2021-01-08,27.5399464989425,24.694660311798778,30.348946135960706,27.716967246685673,27.716967246685673,31.1200008392334
2021-01-11,27.35040491726092,24.385388506164162,30.35777633509951,27.614705335653476,27.614705335653476,30.860000610351562
2021-01-12,27.317113503657843,24.35483897591309,30.092368421956362,27.58061803197608,27.58061803197608,30.6299991607666
2021-01-13,27.396621932054714,24.747565322412242,30.4456726090379,27.54653072829868,27.54653072829868,29.149999618530273
2021-01-14,27.406799697002768,24.377815814599835,30.324096014745713,27.51244342462128,27.51244342462128,29.450000762939453
2021-01-15,27.301335373201137,24.356841262290068,30.13046515641485,27.478356120943882,27.478356120943882,28.1200008392334
2021-01-18,27.11179379151911,24.173926635464127,29.843678837463735,27.376094209911688,27.376094209911688,28.06999969482422
2021-01-19,27.07850237791658,24.600069596246765,30.187537976265034,27.34200690623429,27.34200690623429,28.690000534057617
2021-01-20,27.158010806313005,24.37798098242492,30.02749198582118,27.30791960255689,27.30791960255689,28.209999084472656
2021-01-21,27.168188571260757,24.172697713149322,30.152661398366728,27.27383229887949,27.27383229887949,27.549999237060547
2021-01-22,27.062724247458043,24.350568187736112,29.86663369736587,27.239744995202095,27.239744995202095,27.09000015258789
2021-01-26,26.839891252174766,24.017112451425483,29.75758497903175,27.1033957804925,27.1033957804925,27.0
2021-01-27,26.919399681764435,23.84832891022533,29.509114948481457,27.069308478008697,27.069308478008697,27.399999618530273
2021-01-28,26.92957744790594,24.021788170948103,29.77239683818354,27.035221175524896,27.035221175524896,27.760000228881836
2021-01-29,26.82411312529697,24.112254466247496,29.73296482407056,27.00113387304109,27.00113387304109,26.690000534057617
2021-02-01,26.63457154719605,23.617416071484044,29.30325349835249,26.89887196558968,26.89887196558968,27.530000686645508
2021-02-02,26.60128013478736,23.736103564823132,29.408382813580904,26.864784663105876,26.864784663105876,28.65999984741211
2021-02-03,26.6807885643779,23.883653357223782,29.482165501368858,26.830697360622075,26.830697360622075,28.940000534057617
2021-02-04,26.69096633051937,23.80656119210424,29.555613726402907,26.79661005813827,26.79661005813827,28.81999969482422
2021-02-05,26.585502007911273,23.86014871870696,29.510804587536015,26.76252275565447,26.76252275565447,28.84000015258789
2021-02-08,26.39596042980891,23.50407616872433,29.35492789206212,26.660260848203063,26.660260848203063,28.110000610351562
2021-02-09,26.36266901740099,23.461987574530824,29.31502975899194,26.626173545719254,26.626173545719254,27.540000915527344
2021-02-10,26.442177446991355,23.490780819906853,29.15121313710214,26.59208624323545,26.59208624323545,27.799999237060547
2021-02-11,26.452355213132254,23.616660718052774,29.317448832254914,26.55799894075165,26.55799894075165,28.079999923706055
2021-02-12,26.346890890524584,23.546055959419583,28.97466979525994,26.523911638267847,26.523911638267847,28.440000534057617
2021-02-17,26.203566329604822,23.519152409470443,29.086227082824355,26.35347512584883,26.35347512584883,29.59000015258789
2021-02-18,26.21374409574656,23.363205034773415,29.263873125743093,26.31938782336503,26.31938782336503,29.270000457763672
2021-02-19,26.10827977313839,23.372264972984983,29.17026133319798,26.285300520881226,26.285300520881226,27.329999923706055
2021-02-22,25.918738299041138,23.04044905691276,28.764724769390146,26.183038717436343,26.183038717436343,21.670000076293945
2021-02-23,25.88544692130231,23.140940738232953,28.92155093399455,26.148951449621386,26.148951449621386,24.059999465942383
2021-02-24,25.964955385562497,23.049284218386514,28.8999558582791,26.114864181806425,26.114864181806425,24.399999618530273
2021-02-25,25.975133186372776,23.23725068739192,28.74926160079945,26.080776913991468,26.080776913991468,23.190000534057617
2021-02-26,25.869668898434096,22.893287716729734,28.650344143166556,26.046689646176503,26.046689646176503,22.239999771118164
2021-03-01,25.680127424338657,22.86813517862163,28.448432588624012,25.944427842731624,25.944427842731624,22.0
2021-03-02,25.646836046597837,22.615404665505597,28.35615106033507,25.91034057491666,25.91034057491666,21.989999771118164
2021-03-03,25.726344510857857,22.949089792717395,28.539143958739714,25.876253307101702,25.876253307101702,21.190000534057617
2021-03-04,25.736522311668104,22.88872385386393,28.527014909921483,25.84216603928674,25.84216603928674,22.219999313354492
2021-03-05,25.631058023728063,22.64725658965912,28.490032813048916,25.808078771471777,25.808078771471777,22.389999389648438
2021-03-08,25.441516549633413,22.67007623474675,28.221764730973923,25.7058169680269,25.7058169680269,21.100000381469727
2021-03-09,25.408225171893363,22.515170127077518,28.231791955275952,25.671729700211937,25.671729700211937,21.59000015258789
2021-03-10,25.487733636153216,22.458492377306026,28.32499746303562,25.637642432396976,25.637642432396976,22.34000015258789
2021-03-11,25.497911436962884,22.800331174988862,28.412883439553735,25.60355516458202,25.60355516458202,23.290000915527344
2021-03-12,25.392447149023273,22.600748449573718,27.969247510360844,25.569467896767055,25.569467896767055,23.170000076293945
2021-03-15,25.257560676244303,22.369855223437412,28.124041100830475,25.521861094638318,25.521861094638318,23.649999618530273
2021-03-16,25.24248763227708,22.356713782560835,27.940636322305316,25.5059921605954,25.5059921605954,23.280000686645508
2021-03-17,25.34021443030835,22.66325203504146,28.297426950723576,25.490123226552488,25.490123226552488,24.079999923706055
2021-03-18,25.368610564890496,22.600363549306145,28.190974361581528,25.474254292509574,25.474254292509574,23.239999771118164
2021-03-19,25.281364610723305,22.447259191678757,28.210168764563623,25.45838535846666,25.45838535846666,24.0
2021-03-22,25.146478137945646,22.21853132269449,28.03309891265635,25.41077855633792,25.41077855633792,23.520000457763672
2021-03-23,25.131405093976657,22.333714476530037,27.822194973220405,25.394909622295007,25.394909622295007,22.799999237060547
2021-03-24,25.229131892008038,22.23672299181099,28.190723361102904,25.37904068825209,25.37904068825209,22.81999969482422
2021-03-25,25.257528026590155,22.48915809950276,28.236251827699004,25.363171754209176,25.363171754209176,23.200000762939453
2021-03-26,25.17028207242334,22.333557338898693,28.058531385590275,25.347302820166266,25.347302820166266,23.459999084472656
2021-03-29,25.03539559964522,21.971849518662648,27.87324648299264,25.299696018037523,25.299696018037523,23.829999923706055
2021-03-30,25.02032255567679,21.97913791210925,27.88245361351455,25.28382708399461,25.28382708399461,23.829999923706055
2021-03-31,25.11804935370773,22.22499384427832,27.918067412574484,25.2679581499517,25.2679581499517,24.100000381469727
2021-04-01,25.146445488289267,22.211457926189883,28.087352006551114,25.252089215908786,25.252089215908786,23.889999389648438
2021-04-05,24.92431306134381,22.238059190732905,27.754335856893373,25.188613479737132,25.188613479737132,24.040000915527344
2021-04-06,24.909240017376366,22.026301666145287,27.791089106062028,25.172744545694215,25.172744545694215,24.020000457763672
2021-04-07,25.033510652362615,22.206193502062245,27.825620371348293,25.1834194486065,25.1834194486065,24.0
2021-04-08,25.08845062390019,22.140817521213084,27.75356585304819,25.194094351518785,25.194094351518785,23.700000762939453
2021-04-09,25.027748506686766,22.285151342311867,27.747126888463455,25.20476925443107,25.20476925443107,23.649999618530273
2021-04-12,24.972493544774576,22.241184728702304,28.076131475996505,25.236793963167926,25.236793963167926,23.889999389648438
2021-04-13,24.98396433776158,22.27185339519185,27.84535126545624,25.24746886608021,25.24746886608021,23.969999313354492
2021-04-14,25.108234972748694,22.203712560179483,27.967922944088624,25.258143768992497,25.258143768992497,24.350000381469727
2021-04-15,25.163174944285966,22.368308172748268,27.99755027057403,25.268818671904782,25.268818671904782,23.09000015258789
2021-04-16,25.10247282707369,22.021880464964234,27.842231190203414,25.279493574817067,25.279493574817067,22.950000762939453
2021-04-19,25.047217865160544,22.192636701581247,27.846209353742463,25.31151828355392,25.31151828355392,24.280000686645508
2021-04-20,25.058688658147826,22.00218018558927,27.913837562197127,25.322193186466205,25.322193186466205,23.81999969482422
2021-04-22,25.237899264671743,22.567299567939695,28.254459600503164,25.34354299229078,25.34354299229078,23.709999084472656
2021-04-23,25.177197147459616,22.179321296002723,28.041576804681036,25.354217895203064,25.354217895203064,23.690000534057617
2021-04-26,25.121942185546015,22.275840190060258,28.03926136255891,25.386242603939916,25.386242603939916,23.780000686645508
2021-04-27,25.13341297853407,22.307820273116153,27.820737839308688,25.3969175068522,25.3969175068522,23.100000381469727
2021-04-28,25.257683613520854,22.262082222936716,28.07215125846288,25.40759240976449,25.40759240976449,23.940000534057617
2021-04-29,25.3205080790052,22.32601142107169,28.001847650874733,25.42615180662359,25.42615180662359,23.6200008392334
2021-04-30,25.26769045573917,22.461760099024406,28.24613430445152,25.444711203482687,25.444711203482687,23.6200008392334
2021-05-03,25.23608897566556,22.254177438232613,28.0523291386537,25.500389394059987,25.500389394059987,23.43000030517578
2021-05-04,25.255444262600932,22.500626628226478,28.11394131934538,25.518948790919087,25.518948790919087,22.889999389648438
2021-05-05,25.387599391534174,22.532654907139623,28.335057938344033,25.537508187778187,25.537508187778187,23.829999923706055
2021-05-06,25.450423857018958,22.647874082109475,28.29976364375284,25.55606758463729,25.55606758463729,23.5
2021-05-07,25.397606233753795,22.594278750819534,28.481815933234394,25.574626981496387,25.574626981496387,24.3799991607666
2021-05-10,25.366004753680997,22.77973267466844,28.32641287894682,25.630305172073683,25.630305172073683,24.700000762939453
2021-05-11,25.385360040614604,22.70123364421195,28.15355755983449,25.648864568932787,25.648864568932787,25.149999618530273
2021-05-12,25.51751516954796,22.677183343398667,28.307064829427915,25.667423965791887,25.667423965791887,24.780000686645508
2021-05-13,25.58033963503243,22.57318926478356,28.392497915176023,25.685983362650983,25.685983362650983,24.989999771118164
2021-05-14,25.527522011767424,22.483955041420877,28.331256895475583,25.704542759510083,25.704542759510083,26.299999237060547
2021-05-17,25.495920531694672,22.634461804717354,28.309673488019968,25.760220950087383,25.760220950087383,26.65999984741211
2021-05-18,25.51527581862883,22.37556051695848,28.41347905133823,25.778780346946483,25.778780346946483,26.350000381469727
2021-05-19,25.647430947561734,22.79611670964597,28.476732069888037,25.79733974380558,25.79733974380558,26.149999618530273
2021-05-20,25.71025541304591,22.75962846574958,28.465186759782423,25.815899140664683,25.815899140664683,25.93000030517578
2021-05-21,25.65743779102313,22.567954571709222,28.485716463971773,25.834458538767098,25.834458538767098,25.950000762939453
2021-05-24,25.625836314680626,22.557616299148915,28.360185762607042,25.89013673307436,25.89013673307436,26.389999389648438
2021-05-25,25.645191602859096,22.879132245412062,28.69690201401661,25.90869613117678,25.90869613117678,25.84000015258789
2021-05-26,25.777346733034978,22.98779561836136,28.60175818756954,25.927255529279197,25.927255529279197,26.09000015258789
2021-05-27,25.840171199762622,22.961520601559133,28.710557979467037,25.945814927381615,25.945814927381615,25.90999984741211
2021-05-28,25.78735357774,22.89310787722467,28.701793630993244,25.964374325484034,25.964374325484034,26.989999771118164
2021-05-31,25.755752101397533,22.86675861615296,28.7788493137485,26.020052519791296,26.020052519791296,26.8700008392334
2021-06-01,25.775107389575247,22.860415985441932,28.484849725953868,26.03861191789371,26.03861191789371,27.290000915527344
2021-06-02,25.907262519751995,22.876638269295828,28.784070608499363,26.057171315996133,26.057171315996133,27.8700008392334
2021-06-04,25.917269364457862,23.015274085402744,28.8796423109133,26.094290112200973,26.094290112200973,28.5
2021-06-07,25.885667888113943,23.128297906623178,28.58619728273094,26.149968306508228,26.149968306508228,28.290000915527344
2021-06-08,25.905023176292435,23.134365689426698,28.59831702328208,26.168527704610646,26.168527704610646,28.65999984741211
2021-06-09,26.037178306469013,23.22555927084874,28.817050342581943,26.18708710271307,26.18708710271307,28.65999984741211
2021-06-10,26.100002773196053,23.173067420702797,28.91156424708915,26.205646500815487,26.205646500815487,28.68000030517578
2021-06-11,26.047185151174723,23.19812082811457,28.750700387569474,26.2242058989179,26.2242058989179,28.56999969482422
2021-06-14,26.015583669014536,23.157386188494694,28.905225689794303,26.279884087409346,26.279884087409346,28.75
2021-06-15,26.034938955255196,23.23306109212196,28.75889690021761,26.29844348357316,26.29844348357316,29.030000686645508
2021-06-16,26.167094083493,23.19901904559238,28.91011053912323,26.31700287973697,26.31700287973697,29.139999389648438
2021-06-17,26.229918548282274,23.333128933528542,28.942893317484334,26.335562275900784,26.335562275900784,28.1299991607666
2021-06-18,26.177100924320115,23.33615775697494,29.054042611198984,26.3541216720646,26.3541216720646,28.31999969482422
2021-06-21,26.145499442160705,23.36860637794571,29.03346228758902,26.409799860556042,26.409799860556042,28.950000762939453
2021-06-22,26.164854728400833,23.20772832620183,29.08550834562062,26.428359256719855,26.428359256719855,29.100000381469727
2021-06-23,26.29700985663978,23.44566255325183,29.19676644683702,26.446918652883667,26.446918652883667,29.299999237060547
2021-06-24,26.35983432142875,23.61650659202134,29.157003585131385,26.465478049047483,26.465478049047483,29.649999618530273
2021-06-25,26.307016697467244,23.378611905112493,28.984742643280036,26.4840374452113,26.4840374452113,29.100000381469727
2021-06-28,26.27541521530964,23.3798293807197,29.313880558158022,26.539715633702738,26.539715633702738,29.049999237060547
2021-06-29,26.294770501548058,23.444229852935024,29.319685399830885,26.55827502986655,26.55827502986655,29.18000030517578
2021-06-30,26.426925629786563,23.38456924892375,29.31370755463668,26.576834426030366,26.576834426030366,29.43000030517578
2021-07-01,26.48975009457523,23.495639373418555,29.31428801937797,26.595393822194183,26.595393822194183,29.059999465942383
2021-07-02,26.436932470614366,23.43812869464719,29.328136957886098,26.613953218357995,26.613953218357995,29.18000030517578
2021-07-05,26.405330988455813,23.657775611409495,29.420342993832048,26.669631406849433,26.669631406849433,28.850000381469727
2021-07-06,26.42468627441752,23.649510951308205,29.40826134745082,26.68819080273604,26.68819080273604,27.670000076293945
2021-07-07,26.55684140237893,23.723684276956572,29.38781633118334,26.70675019862265,26.70675019862265,28.049999237060547
2021-07-08,26.61966586689008,23.79414319277855,29.53431406939004,26.725309594509255,26.725309594509255,27.489999771118164
2021-07-12,26.53524675966154,23.67377289523595,29.377563245710533,26.799547178055686,26.799547178055686,27.729999542236328
2021-07-13,26.554602045624026,23.56030169947562,29.276649603106804,26.818106573942295,26.818106573942295,27.899999618530273
2021-07-14,26.6867571735848,23.836568293421106,29.64532742388071,26.836665969828896,26.836665969828896,27.670000076293945
2021-07-15,26.749581638097254,24.10228987800914,29.71531659100352,26.855225365715505,26.855225365715505,27.079999923706055
2021-07-16,26.69676401385934,23.940732303753204,29.47062419656205,26.873784761602113,26.873784761602113,26.68000030517578
2021-07-19,26.66516253086953,23.65963645530974,29.603098128296867,26.929462949261936,26.929462949261936,26.239999771118164
2021-07-20,26.684517816830244,24.02560423232931,29.524194626843954,26.94802234514854,26.94802234514854,26.59000015258789
2021-07-21,26.816672944791137,24.193643543290964,29.967417190411577,26.96658174103515,26.96658174103515,26.959999084472656
2021-07-22,26.879497409303564,24.162516170302247,29.788271501330883,26.985141136921758,26.985141136921758,26.899999618530273
2021-07-23,26.826679785065526,23.902892086032836,29.73044047268146,27.003700532808367,27.003700532808367,26.739999771118164
2021-07-26,26.795078302075748,23.851440687790603,29.786307432270014,27.05937872046818,27.05937872046818,27.469999313354492
2021-07-27,26.814433588037023,23.946583393718793,29.727054993469114,27.07793811635479,27.07793811635479,27.149999618530273
2021-07-28,26.9465887160399,23.91011943202287,29.848893032192933,27.096497512283833,27.096497512283833,27.709999084472656
2021-07-29,27.00941318059418,24.087650293305643,29.737780602351076,27.11505690821287,27.11505690821287,27.809999465942383
2021-07-30,26.95659555639777,23.82830242053934,29.53359894950699,27.133616304141917,27.133616304141917,26.90999984741211
2021-08-02,26.924994073535583,23.920490573182338,29.89188573917685,27.189294491929036,27.189294491929036,26.40999984741211
2021-08-03,26.94434935954028,24.35331319945445,29.84919503202029,27.207853887858075,27.207853887858075,26.850000381469727
2021-08-04,27.07650448754327,23.995037546330682,29.851647629294614,27.226413283787117,27.226413283787117,26.280000686645508
2021-08-05,27.13932895209752,24.51930720234234,30.30975068464002,27.244972679716156,27.244972679716156,28.350000381469727
2021-08-06,27.086511327901484,24.08165216884636,30.0269570979406,27.2635320756452,27.2635320756452,28.389999389648438
2021-08-09,27.05490984503884,24.084290262549374,29.689479017705406,27.31921026343232,27.31921026343232,28.190000534057617
2021-08-10,27.074265131042786,24.31934294370445,29.904196196916345,27.337769659361363,27.337769659361363,28.280000686645508
2021-08-11,27.206420259046638,24.22024798379605,29.964670161849316,27.356329055290402,27.356329055290402,28.670000076293945
2021-08-12,27.26924472360059,24.177945929390983,30.12090805226347,27.374888451219444,27.374888451219444,29.100000381469727
2021-08-13,27.21642709940519,24.29731146486567,29.964302167217895,27.393447847148483,27.393447847148483,29.350000381469727
2021-08-16,27.1848256165421,24.310931763324543,30.29506093331389,27.44912603493561,27.44912603493561,28.639999389648438
2021-08-17,27.204180902546323,24.36170806175679,30.28096948801552,27.46768543086465,27.46768543086465,27.030000686645508
2021-08-18,27.336336030213076,24.554316637487712,30.185744767807346,27.486244826457213,27.486244826457213,26.790000915527344
2021-08-19,27.399160494430703,24.499065698851762,30.191043317557213,27.504804222049778,27.504804222049778,26.639999389648438
2021-08-20,27.346342869898983,24.554076381280534,30.17537228382816,27.523363617642342,27.523363617642342,26.600000381469727
2021-08-23,27.31474138602551,24.48544030232545,30.227120297063973,27.57904180442004,27.57904180442004,27.020000457763672
2021-08-24,27.334096671694528,24.629372850828812,30.363860876647834,27.597601200012605,27.597601200012605,27.579999923706055
2021-08-25,27.466251799361114,24.662590723802772,30.240529310743558,27.61616059560517,27.61616059560517,27.729999542236328
2021-08-26,27.529076263579306,24.665518643219176,30.20491351056348,27.634719991197734,27.634719991197734,27.489999771118164
2021-08-27,27.47625863904687,24.497460828708295,30.314133249392768,27.6532793867903,27.6532793867903,28.489999771118164
2021-08-30,27.444657155173438,24.55828902677438,30.415414258912833,27.708957573567996,27.708957573567996,28.299999237060547
2021-08-31,27.46401244084246,24.69976983787605,30.351736367004225,27.72751696916056,27.72751696916056,27.190000534057617
2021-09-01,27.596167568509152,24.95471254550756,30.632948904033203,27.746076364753126,27.746076364753126,27.040000915527344
2021-09-02,27.65899203272732,24.824706056941256,30.47496608614799,27.76463576034569,27.76463576034569,26.600000381469727
2021-09-03,27.606174408195752,24.850885756209042,30.139345963326562,27.783195155938255,27.783195155938255,26.329999923706055
2021-09-06,27.574572924323135,24.64676175389123,30.44972996210626,27.838873342715953,27.838873342715953,26.459999084472656
2021-09-08,27.726083337657194,24.787322361195695,30.69791513729113,27.875992133901082,27.875992133901082,24.969999313354492
2021-09-09,27.788907801874778,24.951043082165683,30.31708942404768,27.894551529493647,27.894551529493647,25.5
2021-09-10,27.73609025679359,24.931073296901427,30.779110700372996,27.913111004536166,27.913111004536166,25.34000015258789
2021-09-13,27.704489011270876,24.853393588925755,30.790639433249932,27.96878942966372,27.96878942966372,26.229999542236328
2021-09-14,27.723844376387603,25.060256194236942,30.65996096086717,27.987348904706238,27.987348904706238,25.8799991607666
2021-09-15,27.85599958350495,24.890264624698748,30.721848807911844,28.005908379748757,28.005908379748757,26.329999923706055
2021-09-16,27.918824127172464,25.141831790462607,30.818236245051523,28.024467854791276,28.024467854791276,26.100000381469727
2021-09-17,27.866006582089913,24.88435548256529,30.723234611598162,28.043027329833794,28.043027329833794,24.93000030517578
2021-09-20,27.83440533656748,25.012611921969516,30.75070110627365,28.098705754961347,28.098705754961347,24.649999618530273
2021-09-21,27.853760701685207,25.175634807692422,30.74027237210931,28.117265230003866,28.117265230003866,25.209999084472656
2021-09-22,27.985915908802205,25.064141282793077,30.707526896906746,28.135824705046385,28.135824705046385,25.850000381469727
2021-09-23,28.048740452469872,25.2555425535838,30.80282611405454,28.154384180088904,28.154384180088904,26.84000015258789
2021-09-24,27.995922907387975,25.067997515715223,30.85263261714016,28.172943655131427,28.172943655131427,26.899999618530273
2021-09-27,27.964321661865085,25.217983232566347,30.956990595534794,28.22862208025898,28.22862208025898,27.139999389648438
2021-09-28,27.983677026983088,25.033940480688074,30.868112761085282,28.2471815553015,28.2471815553015,26.959999084472656
2021-09-29,28.11583223409992,25.250439545207616,30.93814485857862,28.265741030344017,28.265741030344017,27.389999389648438
2021-09-30,28.178656777767554,25.543995275532865,31.179864682575662,28.284300505386533,28.284300505386533,27.229999542236328
2021-10-01,28.12583927233455,25.123048164684498,30.90467567314199,28.302860020077574,28.302860020077574,28.0
2021-10-04,28.09423814575628,25.22831127085557,31.233075202321235,28.3585385641507,28.3585385641507,28.790000915527344
2021-10-05,28.113593550523582,25.158494289454982,30.929493971204725,28.37709807884174,28.37709807884174,29.420000076293945
2021-10-06,28.24574879728877,25.410662994034208,31.195168350631715,28.395657593532782,28.395657593532782,28.639999389648438
2021-10-07,28.308573380604347,25.573210922493903,31.15137609856522,28.414217108223824,28.414217108223824,28.600000381469727
2021-10-08,28.25575587517004,25.421456298442557,31.32373030342635,28.432776622914865,28.432776622914865,29.1200008392334
2021-10-11,28.22415474859531,25.490509861325286,31.019998974453905,28.48845516698799,28.48845516698799,29.31999969482422
2021-10-13,28.37566540012614,25.629601690140106,31.210111244883397,28.525574196370073,28.525574196370073,29.6299991607666
2021-10-14,28.438489983442558,25.88244483923194,31.39839923716776,28.54413371106111,28.54413371106111,29.68000030517578
2021-10-15,28.38567247800825,25.431272151932045,31.094201353527943,28.562693225752152,28.562693225752152,29.600000381469727
2021-10-18,28.354071351432076,25.473086326980184,31.03203679664018,28.618371769825277,28.618371769825277,29.450000762939453
2021-10-19,28.37342675619735,25.491564322359114,31.182612883587677,28.63693128451632,28.63693128451632,28.010000228881836
2021-10-20,28.50558200296351,25.775225027462803,31.227098351834933,28.65549079920736,28.65549079920736,28.5
2021-10-21,28.56840658627963,25.770070184567395,31.450132167562817,28.6740503138984,28.6740503138984,27.450000762939453
2021-10-22,28.515589080845473,25.80308259157219,31.197895828530804,28.692609828589443,28.692609828589443,27.18000030517578
2021-10-25,28.483987954269335,25.804306591485833,31.632601123258617,28.748288372662564,28.748288372662564,29.040000915527344
2021-10-26,28.50640151747077,25.79976157531697,31.380618415168353,28.76990604578921,28.76990604578921,28.760000228881836
2021-10-27,28.64161492267209,25.654544196718433,31.586887854904372,28.791523718915855,28.791523718915855,28.690000534057617
2021-10-28,28.707497664423506,25.944671922929423,31.71941712747802,28.8131413920425,28.8131413920425,28.959999084472656
2021-10-29,28.657738317425597,25.922023571817316,31.56145215914339,28.83475906516914,28.83475906516914,27.149999618530273
2021-11-01,28.635311666154816,25.760405566572327,31.51815552313779,28.89961208454907,28.89961208454907,28.0
2021-11-03,28.792938634558677,26.133544994287796,31.549415643180616,28.94284743080236,28.94284743080236,26.850000381469727
2021-11-04,28.858821376310658,25.999662290056243,31.720284661654045,28.964465103929,28.964465103929,26.0
2021-11-05,28.809062029312035,25.86106935963763,31.59765669104924,28.986082777055646,28.986082777055646,25.850000381469727
2021-11-08,28.7866353780413,25.99625757147768,31.618035031777485,29.050935796435578,29.050935796435578,26.1200008392334
2021-11-09,28.809048941244008,25.999410821456504,31.43689344972344,29.072553469562223,29.072553469562223,26.639999389648438
2021-11-10,28.944262346444813,26.059589072416813,31.67580526034149,29.094171142688868,29.094171142688868,26.43000030517578
2021-11-11,29.010145088197223,26.07123430282593,31.8148279764679,29.115788815815513,29.115788815815513,26.450000762939453
2021-11-12,28.960385741199467,26.054960786945355,31.945373991093287,29.137406488942155,29.137406488942155,26.989999771118164
2021-11-16,28.960372653130765,26.129421362259155,31.803226489779398,29.22387718144873,29.22387718144873,27.270000457763672
2021-11-17,29.0955860583314,26.18151104887161,32.08390573401996,29.245494854575373,29.245494854575373,26.579999923706055
2021-11-18,29.163579802352398,26.170320381535493,32.06743770730709,29.269223529971182,29.269223529971182,26.540000915527344
2021-11-19,29.115931457624235,26.383321533363144,31.98798243790679,29.29295220536699,29.29295220536699,26.100000381469727
2021-11-22,29.099837813161855,26.54490809553872,32.156226715533435,29.36413823155442,29.36413823155442,26.360000610351562
2021-11-23,29.124362378632515,26.19107968823259,32.085014917357945,29.38786690695023,29.38786690695023,27.799999237060547
2021-11-24,29.261686786102146,26.147383053684546,32.10711132556315,29.411595582346035,29.411595582346035,28.3700008392334
2021-11-25,29.329680530123117,26.44629882672078,32.26007655986258,29.435324257741847,29.435324257741847,29.6200008392334
2021-11-26,29.282032185393593,26.45294018392203,32.24278089785672,29.459052933137656,29.459052933137656,28.469999313354492
2021-11-29,29.265938540931494,26.36513993182763,32.197010970313904,29.530238959325082,29.530238959325082,29.469999313354492
2021-11-30,29.290463106403152,26.442942267606885,32.216963222342336,29.553967634720895,29.553967634720895,29.43000030517578
2021-12-01,29.42778751387244,26.61498776403713,32.26620842564034,29.577696310116703,29.577696310116703,29.600000381469727
2021-12-02,29.49578125789384,26.709373639536896,32.309468756699225,29.601424985512512,29.601424985512512,28.360000610351562
2021-12-03,29.448132913164688,26.53683530488875,32.35354796752553,29.62515366090832,29.62515366090832,28.760000228881836
2021-12-06,29.432039268702134,26.575027106992106,32.2455273915267,29.696339687095747,29.696339687095747,28.889999389648438
2021-12-07,29.456563834173313,26.675479737188418,32.21952231166337,29.72006836249156,29.72006836249156,29.360000610351562
2021-12-08,29.593888241643185,26.692161200465257,32.46410901474088,29.74379703788737,29.74379703788737,29.350000381469727
2021-12-09,29.661881985664284,26.971423904472292,32.40443215827457,29.767525713283177,29.767525713283177,29.290000915527344
2021-12-10,29.614233691250956,26.667657111562512,32.41872042598758,29.791254438994162,29.791254438994162,29.649999618530273
2021-12-13,29.59814019773347,26.765896190681797,32.415704364534896,29.862440616127113,29.862440616127113,29.469999313354492
2021-12-14,29.622664813519826,26.726875246837608,32.56081546203892,29.886169341838098,29.886169341838098,29.1200008392334
2021-12-15,29.759989271304978,26.929428088107645,32.574733543507804,29.909898067549076,29.909898067549076,29.299999237060547
2021-12-16,29.827983065640947,27.09583555949715,32.75691323763281,29.93362679326006,29.93362679326006,29.690000534057617
2021-12-17,29.78033477122777,26.952049933237056,32.67419758546831,29.957355518971045,29.957355518971045,28.989999771118164
2021-12-20,29.764241277709335,26.92881716318271,32.64070883081398,30.028541696103996,30.028541696103996,28.15999984741211
2021-12-21,29.78876589349695,26.924256031747127,32.645482819985915,30.052270421814974,30.052270421814974,28.200000762939453
2021-12-22,29.926090351281943,27.26388990235557,32.95731439120733,30.07599914752596,30.07599914752596,28.15999984741211
2021-12-23,29.994084145618476,27.14357304057594,32.94634664069029,30.099727873236944,30.099727873236944,28.329999923706055
2021-12-27,29.930342357686182,27.018675503443657,32.741727502739884,30.194642776080872,30.194642776080872,28.75
2021-12-28,29.954866973472775,27.345881074778628,32.83162176121169,30.218371501791857,30.218371501791857,28.780000686645508
2021-12-29,30.09219143125891,27.048975540227122,32.704540305695694,30.242100227502842,30.242100227502842,28.540000915527344
2021-12-30,30.160185225595413,27.57455026689639,33.15756638278691,30.265828953213823,30.265828953213823,28.450000762939453
2022-01-03,30.096443437664806,27.236536848763066,32.86884446029858,30.360743856057756,30.360743856057756,29.09000015258789
2022-01-04,30.12096805317791,27.297301066025813,32.74669779972503,30.384472581496464,30.384472581496464,29.200000762939453
2022-01-05,30.258292510691323,27.447456341097794,33.131041618233624,30.408201306935172,30.408201306935172,28.06999969482422
2022-01-06,30.32628630475498,27.271065556029196,33.1075065693037,30.431930032373888,30.431930032373888,28.049999237060547
2022-01-07,30.278638010070107,27.49561455987232,33.15823634669762,30.455658757812596,30.455658757812596,28.18000030517578
2022-01-10,30.262544515735247,27.66376824479347,33.080534821839905,30.52684493412872,30.52684493412872,28.010000228881836
2022-01-11,30.28706913124885,27.521750937061082,32.869677777758476,30.55057365956743,30.55057365956743,28.84000015258789
2022-01-12,30.42439358876237,27.642228269894368,33.430255956701146,30.57430238500614,30.57430238500614,29.719999313354492
2022-01-13,30.492387382825992,27.68537284682352,33.50541299123425,30.598031110444847,30.598031110444847,30.31999969482422
2022-01-14,30.444739088139762,27.495815402688212,33.1109414337022,30.621759835883555,30.621759835883555,31.450000762939453
2022-01-17,30.428645593805687,27.46774925155087,33.16096228037269,30.692946012199684,30.692946012199684,31.5
2022-01-18,30.453170209319786,27.499667544505012,33.11220475053206,30.716674737638392,30.716674737638392,31.639999389648438
2022-01-19,30.590494666832964,27.91736896197285,33.614231286912506,30.740403463077104,30.740403463077104,31.489999771118164
2022-01-20,30.658488460896734,27.80198665999606,33.78870853066558,30.76413218851581,30.76413218851581,31.719999313354492
2022-01-21,30.610840166211155,27.71364077453318,33.43418765161351,30.78786091395452,30.78786091395452,31.770000457763672
2022-01-24,30.59474667187889,27.88127458792214,33.38536722460977,30.85904709027065,30.85904709027065,31.950000762939453
2022-01-25,30.619271286197478,27.82719949595773,33.581900100810735,30.882775814515558,30.882775814515558,32.9900016784668
2022-01-26,30.75659574251641,27.939950957426603,33.78605997837172,30.90650453876047,30.90650453876047,33.869998931884766
2022-01-27,30.824589535386085,27.94372560991514,33.72376662165082,30.93023326300538,30.93023326300538,33.880001068115234
2022-01-28,30.776941239507355,27.955514696254625,33.71527717317171,30.953961987250292,30.953961987250292,32.540000915527344
2022-01-31,30.760847741592745,27.77029159413315,33.949693201187024,31.02514815998503,31.02514815998503,32.349998474121094
2022-02-01,30.785372355911832,28.019093174188832,33.69566159617521,31.048876884229937,31.048876884229937,33.0
2022-02-02,30.922696812230875,28.055930189446414,33.918483722989194,31.07260560847485,31.07260560847485,32.52000045776367
2022-02-03,30.99069060510024,28.16184465450334,34.04411645834635,31.096334332719756,31.096334332719756,32.06999969482422
2022-02-04,30.943042309219926,28.004123825980134,33.696038722572986,31.120063056964668,31.120063056964668,32.630001068115234
2022-02-07,30.926948811306595,28.111166998931623,33.629756055203714,31.191249229699405,31.191249229699405,32.150001525878906
2022-02-08,30.95147342562646,28.010844488062272,33.84442491936057,31.214977953944317,31.214977953944317,31.829999923706055
2022-02-09,31.088797881945336,28.294180730177406,33.944111985108016,31.238706678189228,31.238706678189228,31.950000762939453
2022-02-10,31.156791674815544,28.23056258015636,34.00944621024662,31.262435402434136,31.262435402434136,32.439998626708984
2022-02-11,31.10914337893523,28.237595742387875,33.965164366400366,31.286164126679047,31.286164126679047,33.7599983215332
2022-02-14,31.09304988102045,28.334897060378857,33.843877889614184,31.35735029941378,31.35735029941378,33.0
2022-02-15,31.117574495340055,28.405006964858675,33.954885828845,31.381079023658693,31.381079023658693,32.47999954223633
2022-02-16,31.253879673997393,28.514127134019244,34.156816589993106,31.4037884702412,31.4037884702412,32.93000030517578
2022-02-17,31.32085418920489,28.247669688377524,34.295213700067166,31.426497916823703,31.426497916823703,32.79999923706055
2022-02-18,31.272186615662324,28.314559595306267,34.226488895831956,31.44920736340621,31.44920736340621,33.0
2022-02-21,31.253035284760365,28.39571823705367,33.91874694505445,31.517335703153726,31.517335703153726,33.849998474121094
2022-02-22,31.276540621417844,28.486290166770686,34.08692284440136,31.54004514973623,31.54004514973623,33.7400016784668
2022-02-23,31.412845800075008,28.692725043694526,34.30546530673766,31.562754596318733,31.562754596318733,34.220001220703125
2022-02-24,31.479820315282204,28.573919388043482,34.46835783115396,31.585464042901236,31.585464042901236,33.38999938964844
2022-02-25,31.43115274174028,28.499770954009275,34.246336082882934,31.60817348948374,31.60817348948374,34.0
2022-03-02,31.571811926152627,28.748897406513027,34.35153151570791,31.72172072239627,31.72172072239627,34.66999816894531
2022-03-03,31.63878644136039,28.8308274551738,34.599576359685535,31.744430168978774,31.744430168978774,34.2400016784668
2022-03-04,31.590118867818248,28.61707086413144,34.391070468217954,31.767139615561277,31.767139615561277,34.22999954223633
2022-03-07,31.57096753691438,28.68892978379544,34.57375791391592,31.83526795530879,31.83526795530879,31.799999237060547
2022-03-08,31.594472873573135,28.716361239660234,34.39508341135962,31.857977401891297,31.857977401891297,32.459999084472656
2022-03-09,31.730778052229788,28.961242076480836,34.800677893840884,31.880686848473804,31.880686848473804,32.560001373291016
2022-03-10,31.797752567437982,28.733627027850567,34.46699996469174,31.90339629505631,31.90339629505631,33.70000076293945
2022-03-11,31.735446785930097,28.822887452695,34.44618360025885,31.9124675336727,31.9124675336727,32.4900016784668
2022-03-14,31.6753808311292,28.728399972100494,34.708290146779035,31.93968124952187,31.93968124952187,31.8700008392334
2022-03-15,31.685247959820348,28.818466965405545,34.63266679296291,31.94875248813826,31.94875248813826,31.100000381469727
2022-03-16,31.807914930510716,29.01043832638456,34.61912939683765,31.95782372675465,31.95782372675465,30.829999923706055
2022-03-17,31.861251237752217,29.10716324630434,34.842504205494414,31.96689496537104,31.96689496537104,30.010000228881836
2022-03-18,31.79894545624476,28.979221061319908,34.755870115825225,31.97596620398743,31.97596620398743,30.610000610351562
2022-03-21,31.738879501443403,28.88627482966715,34.52895686626492,32.0031799198366,32.0031799198366,31.760000228881836
2022-03-22,31.74874663013533,28.776759292189666,34.740189567540654,32.01225115845299,32.01225115845299,31.6200008392334
2022-03-23,31.871413600825527,28.857269616525258,34.644807459878805,32.021322397069376,32.021322397069376,32.04999923706055
2022-03-24,31.924749908067,29.108359670804795,34.921404054045006,32.03039363568577,32.03039363568577,32.41999816894531
2022-03-25,31.862444126558177,29.05029532219709,34.75387722564419,32.039464874302155,32.039464874302155,32.29999923706055
2022-03-28,31.802378171757606,28.827335108323837,34.8639748709334,32.06667859015133,32.06667859015133,31.600000381469727
2022-03-29,31.812245300450023,29.012866595650443,34.81006538678973,32.07574982876771,32.07574982876771,32.29999923706055
2022-03-30,31.93491227113988,29.051584322363848,34.81183567927089,32.084821067384105,32.084821067384105,32.9900016784668
2022-03-31,31.988248578381786,29.0324765442197,34.697298506125556,32.0938923060005,32.0938923060005,33.45000076293945
2022-04-01,31.925942796873336,28.965711545900813,34.832864753109945,32.102963544616884,32.102963544616884,33.0099983215332
2022-04-04,31.827734238122225,28.864583749213637,34.67916678892407,32.09203465651597,32.09203465651597,32.70000076293945
2022-04-05,31.824887165497472,29.145405037174957,34.583034736329424,32.088391693815666,32.088391693815666,32.38999938964844
2022-04-06,31.93483993487122,28.991832263848824,34.73399703641293,32.08474873111536,32.08474873111536,32.36000061035156
2022-04-07,31.975462040795854,28.899522139169935,34.766800615290194,32.081105768415064,32.081105768415064,34.040000915527344
2022-04-08,31.900442057971638,28.99008355411659,34.58070224594202,32.07746280571476,32.07746280571476,34.209999084472656
2022-04-11,31.802233499220073,29.121388716499887,34.6792606202431,32.066533917613846,32.066533917613846,33.95000076293945
2022-04-12,31.79938642659533,28.978098813760813,34.425913599729626,32.06289095491355,32.06289095491355,33.849998474121094
2022-04-13,31.909339195969185,28.916683010249866,34.520298500457585,32.059247992213244,32.059247992213244,34.56999969482422
2022-04-14,31.949961301893786,29.062227233380614,35.21048774335285,32.05560502951294,32.05560502951294,31.270000457763672
2022-04-18,31.776732760316932,28.93307502507282,34.67524784089978,32.04103317871173,32.04103317871173,30.719999313354492
2022-04-19,31.773885687693454,28.979313456524192,34.76315363174538,32.037390216011424,32.037390216011424,31.649999618530273
2022-04-20,31.883838457067142,29.210610396660353,34.8176448289793,32.03374725331112,32.03374725331112,31.799999237060547
2022-04-22,31.84944058016651,28.870627858663322,34.62074521749321,32.02646132791051,32.02646132791051,30.559999465942383
2022-04-25,31.751232021414776,29.039667229029806,34.622034046288015,32.0155324398096,32.0155324398096,30.110000610351562
2022-04-26,31.748384948790548,29.02091779595013,34.493164905753105,32.0118894771093,32.0118894771093,30.059999465942383
2022-04-27,31.858334664749677,29.21379076382228,34.68744531185877,32.00824346099357,32.00824346099357,30.059999465942383
2022-04-28,31.898953717259385,29.106363584335757,34.81279920320459,32.00459744487784,32.00459744487784,30.260000228881836
2022-04-29,31.82393068101804,29.101433039543895,34.71069169887929,32.00095142876211,32.00095142876211,30.280000686645508
2022-05-02,31.725712962021845,28.713251213479417,34.37005085838633,31.990013380414926,31.990013380414926,29.979999542236328
2022-05-03,31.7228628359807,28.892738665754898,34.574651913132975,31.9863673642992,31.9863673642992,30.25
2022-05-04,31.832812551939657,28.832675912473093,34.59302596489286,31.982721348183468,31.982721348183468,32.06999969482422
2022-05-05,31.873431604448793,29.012361978523998,34.91846277164252,31.97907533206774,31.97907533206774,32.0099983215332
2022-05-06,31.79840856820787,29.07037213690084,34.613004360311734,31.975429315952006,31.975429315952006,33.060001373291016
2022-05-09,31.700190849211214,28.836654299689517,34.57777194807242,31.96449126760482,31.96449126760482,32.15999984741211
2022-05-10,31.697340723170562,28.878678962901468,34.56168782580468,31.96084525148909,31.96084525148909,32.439998626708984
2022-05-11,31.807290439129638,29.083639236893024,34.6462758158789,31.957199235373363,31.957199235373363,33.56999969482422
2022-05-12,31.84790949163874,28.714508864550996,34.65549532473403,31.953553219257635,31.953553219257635,33.83000183105469
2022-05-13,31.772886455398694,28.9525658902376,34.913934703498064,31.949907203141905,31.949907203141905,34.27000045776367
2022-05-16,31.67466873640059,28.843886836684625,34.48099449672253,31.93896915479472,31.93896915479472,34.61000061035156
2022-05-17,31.671818610360436,28.813877632174588,34.6055864585296,31.93532313867899,31.93532313867899,34.15999984741211
2022-05-18,31.78176832631916,28.945973572608917,34.55213318082031,31.93167712256326,31.93167712256326,33.599998474121094
2022-05-19,31.82238737817989,28.96721277238811,34.60648628536423,31.928031105799004,31.928031105799004,34.16999816894531
2022-05-20,31.74736434129147,28.729443224025793,34.62551945143518,31.92438508903475,31.92438508903475,34.83000183105469
2022-05-23,31.649146620350088,28.602762039875305,34.55682467727168,31.913447038741978,31.913447038741978,36.20000076293945
2022-05-24,31.64629649365969,28.885328025181018,34.41501712146636,31.909801021977717,31.909801021977717,31.600000381469727
2022-05-25,31.756246208969447,28.99377691119121,34.77790152675279,31.906155005213463,31.906155005213463,32.04999923706055
2022-05-26,31.796865260830742,29.11888206996793,34.51396918566981,31.902508988449206,31.902508988449206,32.130001068115234
2022-05-27,31.721842223942097,28.745618535858025,34.679186284776115,31.89886297168495,31.89886297168495,30.600000381469727
2022-05-30,31.623624502999267,28.74407134454337,34.5579292510016,31.88792492139218,31.88792492139218,29.989999771118164
2022-05-31,31.62077437630987,28.8638408514378,34.587005135558755,31.884278904627923,31.884278904627923,30.059999465942383
2022-06-01,31.730724091619727,28.767132287371158,34.97528673887677,31.880632887863662,31.880632887863662,30.020000457763672
2022-06-02,31.771343143480724,28.70157143456805,34.64351780059977,31.876986871099408,31.876986871099408,29.760000228881836
2022-06-03,31.696320106590495,28.64078378441963,34.47600977571316,31.87334085433515,31.87334085433515,30.280000686645508
2022-06-06,31.59810238564944,28.516082626677427,34.54029841455568,31.862402804042382,31.862402804042382,30.299999237060547
2022-06-07,31.595252258960322,28.601475951568336,34.63982491346978,31.858756787278125,31.858756787278125,30.65999984741211
2022-06-08,31.705201974270008,28.839568975573854,34.589335287041095,31.85511077051386,31.85511077051386,30.510000228881836
2022-06-09,31.745821026373736,28.7635976145289,34.53534172992602,31.851464753992367,31.851464753992367,30.06999969482422
2022-06-10,31.67079798972715,28.75067424623188,34.45313905676818,31.847818737470877,31.847818737470877,29.649999618530273
2022-06-13,31.572580269512937,28.562521788034058,34.33076967630446,31.8368806879064,31.8368806879064,29.270000457763672
2022-06-14,31.569730143066323,28.723744863001613,34.482716537108224,31.833234671384908,31.833234671384908,29.600000381469727
2022-06-15,31.67967985861965,28.991798186958263,34.842685206629746,31.829588654863418,31.829588654863418,29.079999923706055
2022-06-17,31.645275874076635,28.73863270608353,34.4792844224282,31.822296621820435,31.822296621820435,27.309999465942383
2022-06-20,31.547058153862466,28.85776228504371,34.26216706987502,31.81135857225596,31.81135857225596,27.6200008392334
2022-06-21,31.544208027416133,28.67432071640514,34.302203479807396,31.807712555734465,31.807712555734465,27.06999969482422
2022-06-22,31.65415774296883,28.804766046634004,34.750149393465335,31.804066539212975,31.804066539212975,26.989999771118164
2022-06-23,31.694776795072407,28.89340179640219,34.49433106349992,31.80042052269148,31.80042052269148,26.489999771118164
2022-06-24,31.619753758426615,28.848620870762357,34.64804910037702,31.796774506169985,31.796774506169985,26.290000915527344
2022-06-27,31.521536038210996,28.865431756922185,34.25167587379744,31.785836456605512,31.785836456605512,27.979999542236328
2022-06-28,31.518685911765658,28.67476436939071,34.589862754865415,31.78219044008402,31.78219044008402,28.329999923706055
2022-06-29,31.628635627318467,28.78763499218205,34.38260718023806,31.778544423562526,31.778544423562526,28.079999923706055
2022-06-30,31.66925467942261,28.863088917980008,34.65046045587587,31.774898407041036,31.774898407041036,27.93000030517578
2022-07-01,31.5942316427766,28.618116710926316,34.254527233031645,31.771252390519543,31.771252390519543,28.530000686645508
2022-07-04,31.496013921207926,28.754825456126227,34.397893243398855,31.760314339602466,31.760314339602466,29.139999389648438
2022-07-05,31.49316379431228,28.697427290879993,34.42961386231126,31.756668322630112,31.756668322630112,28.030000686645508
2022-07-06,31.60311350941377,28.904269903363552,34.55918937937642,31.753022305657748,31.753022305657748,27.670000076293945
2022-07-07,31.643732561067026,28.7399574625454,34.64056251311215,31.749376288685394,31.749376288685394,28.479999542236328
2022-07-08,31.568709523970522,28.68410648713318,34.29407488052811,31.745730271713036,31.745730271713036,28.799999237060547
2022-07-11,31.47049180240316,28.662648361066093,34.46798166485484,31.73479222079596,31.73479222079596,28.65999984741211
2022-07-12,31.467641675505742,28.79236820012115,34.341164323761646,31.731146203823602,31.731146203823602,28.229999542236328
2022-07-13,31.57759139060735,28.794241146663737,34.31520730742488,31.72750018685124,31.72750018685124,28.25
2022-07-14,31.61821044226002,28.828468475725476,34.60890834183714,31.723854169878884,31.723854169878884,27.489999771118164
2022-07-15,31.543187405163938,28.654984827084032,34.29308333290163,31.720208152906523,31.720208152906523,27.959999084472656
2022-07-18,31.44496968359612,28.339278853139916,34.26574356327354,31.709270101989446,31.709270101989446,28.600000381469727
2022-07-19,31.442119556698447,28.431263313844543,34.17886293539218,31.70562408501709,31.70562408501709,29.18000030517578
2022-07-20,31.55206927180092,28.704112324416986,34.56564125283255,31.70197806804473,31.70197806804473,29.170000076293945
2022-07-21,31.59268832345356,28.6948353982673,34.38471378509179,31.69833205107237,31.69833205107237,29.020000457763672
2022-07-22,31.517665286356618,28.765541407028586,34.23051889716734,31.694686034100013,31.694686034100013,29.329999923706055
2022-07-25,31.36891674142819,28.615493238402248,34.26675009460187,31.633217159822042,31.633217159822042,30.700000762939453
2022-07-26,31.34922300674406,28.5510388638906,34.16409686108692,31.612727535062728,31.612727535062728,31.010000228881836
2022-07-27,31.442329114059216,28.50262283070538,34.11312432271279,31.592237910303403,31.592237910303403,31.350000381469727
2022-07-28,31.466104557925327,28.713840155773273,34.49834856037755,31.57174828554408,31.57174828554408,32.290000915527344
2022-07-29,31.37423791304129,28.617040091823462,34.13672578350075,31.551258660784754,31.551258660784754,34.150001525878906
2022-08-01,31.22548936811291,28.460064339335354,34.184137209073576,31.489789786506787,31.489789786506787,33.68000030517578
2022-08-02,31.205795633429325,28.246762610350103,33.953274751879114,31.469300161747466,31.469300161747466,33.83000183105469
2022-08-03,31.298901740744043,28.38324989212162,34.050304045733924,31.448810536988145,31.448810536988145,33.849998474121094
2022-08-04,31.322677184609574,28.720448221881046,34.24881697855586,31.428320912228823,31.428320912228823,34.209999084472656
2022-08-05,31.230810539726463,28.33361255286102,34.02196844665517,31.4078312874695,31.4078312874695,34.869998931884766
2022-08-08,31.082061994796632,28.045900627334543,33.80987628609969,31.34636241319153,31.34636241319153,36.630001068115234
2022-08-09,31.06236826011404,27.952019223564328,33.99618960481481,31.325872788432207,31.325872788432207,37.22999954223633
2022-08-10,31.155474367428862,28.382439163936283,34.22159346135099,31.305383163672882,31.305383163672882,37.11000061035156
2022-08-11,31.179249811294373,28.459243067623568,34.00792578020137,31.28489353891357,31.28489353891357,36.25
2022-08-12,31.087383166409406,28.115464701381136,34.128352395926164,31.264403914154244,31.264403914154244,31.709999084472656
2022-08-15,30.93863462148135,28.148776639921987,33.83069081988116,31.202935039876277,31.202935039876277,31.719999313354492
2022-08-16,30.918940886799035,27.998817793307257,33.91730568969578,31.182445415116952,31.182445415116952,32.0099983215332
2022-08-17,31.012046994113692,28.194191452424104,34.039564664687155,31.161955790357627,31.161955790357627,32.7599983215332
2022-08-18,31.035822437979764,28.063680375097523,33.84383594311639,31.14146616559831,31.14146616559831,33.41999816894531
2022-08-19,30.943955793095075,28.12335941564175,33.647331289237414,31.12097654083899,31.12097654083899,31.729999542236328
2022-08-22,30.79520724816833,27.886047547791897,33.689107414094266,31.059507666561018,31.059507666561018,32.40999984741211
2022-08-23,30.775513513483,28.039622514683625,33.670977805804746,31.039018041801697,31.039018041801697,33.439998626708984
2022-08-24,30.86861962079852,27.95775040995797,33.80690934347279,31.018528417042372,31.018528417042372,33.63999938964844
2022-08-25,30.89239506466428,28.084570851684497,33.75989506104448,30.998038792283047,30.998038792283047,33.279998779296875
2022-08-26,30.80052841977975,27.97981373927451,33.62322773864782,30.97754916752373,30.97754916752373,33.63999938964844
2022-08-29,30.651779874852547,27.795131896217462,33.48481324301429,30.91608029324576,30.91608029324576,34.47999954223633
2022-08-30,30.632086140167992,27.68223741231384,33.65189836258449,30.895590668486438,30.895590668486438,32.43000030517578
2022-08-31,30.72519224748335,27.80192360718969,33.72493923006493,30.875101043727117,30.875101043727117,33.22999954223633
2022-09-01,30.748967691348806,27.85224598786632,33.66186689778332,30.854611418967792,30.854611418967792,33.849998474121094
2022-09-02,30.657101046464422,27.78650225589186,33.35894607399891,30.834121794208475,30.834121794208475,33.41999816894531
2022-09-05,30.508352501536766,27.761957267563076,33.196282245412945,30.772652919930504,30.772652919930504,33.34000015258789
2022-09-06,30.488658766852705,27.442775638827776,33.24802956153071,30.75216329517118,30.75216329517118,32.099998474121094
2022-09-08,30.605540318034475,27.743636593606446,33.462757317417235,30.711184045652537,30.711184045652537,31.799999237060547
2022-09-09,30.513673673150087,27.712726741548103,33.386807510829506,30.690694420893212,30.690694420893212,31.790000915527344
2022-09-12,30.364925128220985,27.682874987769107,33.249591199783055,30.62922554661525,30.62922554661525,31.479999542236328
2022-09-13,30.34523139353798,27.538217212175894,33.299009770267006,30.608735921855924,30.608735921855924,30.649999618530273
2022-09-14,30.43833750085254,27.521137930378927,33.34016367004384,30.588246297096603,30.588246297096603,31.1200008392334
2022-09-15,30.462112944719,27.843470250411126,33.4130002040885,30.567756672337282,30.567756672337282,31.059999465942383
2022-09-16,30.370246299834765,27.499932783317764,33.223701489937234,30.54726704757796,30.54726704757796,30.780000686645508
2022-09-19,30.221497754907972,27.38458011737245,33.18931620957823,30.485798173299994,30.485798173299994,31.270000457763672
2022-09-20,30.201804020222696,27.55275519216495,33.09775697774317,30.46530854854067,30.46530854854067,31.09000015258789
2022-09-21,30.294910127537367,27.611069457005694,33.08299177357131,30.444818923781344,30.444818923781344,31.170000076293945
2022-09-22,30.31868557140352,27.35699621981981,33.03405791133934,30.424329299022023,30.424329299022023,31.940000534057617
2022-09-23,30.22681892651994,27.494488835520958,33.198224196281686,30.403839674262706,30.403839674262706,29.940000534057617
2022-09-26,30.07807038159169,27.30051414587145,32.98886155625228,30.342370799984735,30.342370799984735,29.290000915527344
2022-09-27,30.058376646907416,27.206951313434757,32.89924912177234,30.321881175225414,30.321881175225414,29.670000076293945
2022-09-28,30.151482754222194,27.140174600165473,32.844497318425155,30.30139155046609,30.30139155046609,29.270000457763672
2022-09-29,30.17525819808804,27.321680276736632,33.14751244973325,30.280901925706765,30.280901925706765,29.309999465942383
2022-09-30,30.08339155320337,26.96577123297617,32.77041203429194,30.260412300947443,30.260412300947443,29.799999237060547
2022-10-03,29.934643008276403,26.933164590951463,32.62834661531415,30.198943426669477,30.198943426669477,32.18000030517578
2022-10-04,29.91494927359241,26.990736836893745,32.80618673242469,30.17845380191016,30.17845380191016,31.3700008392334
2022-10-05,30.008055380906566,27.02775977151657,33.05394082063008,30.157964177150834,30.157964177150834,32.54999923706055
2022-10-06,30.03183082477284,27.170632472087995,33.06149767000307,30.13747455239151,30.13747455239151,33.65999984741211
2022-10-07,29.93996417988854,26.970114660743317,32.90849544573225,30.116984927632185,30.116984927632185,33.630001068115234
2022-10-10,29.791215634960626,26.93918663376823,32.80248712773103,30.05551605335422,30.05551605335422,33.25
2022-10-11,29.77152190027637,27.001978452609375,32.78798740782383,30.0350264285949,30.0350264285949,33.0
2022-10-13,29.888403451457087,27.117992087231144,32.793538381636644,29.994047179076254,29.994047179076254,33.939998626708984
2022-10-14,29.796536806573215,27.007433089933766,32.69677925007535,29.97355755431693,29.97355755431693,33.41999816894531
2022-10-17,29.647788261644845,26.84478635635227,32.52653785914057,29.912088680038966,29.912088680038966,33.38999938964844
2022-10-18,29.628094526961362,26.841470015211865,32.36581386233434,29.89159905527964,29.89159905527964,34.209999084472656
2022-10-19,29.72120063427621,26.825598457858696,32.548837002471664,29.871109430520317,29.871109430520317,35.41999816894531
2022-10-20,29.74497607814189,26.967826332309045,32.749649598610496,29.850619805761,29.850619805761,36.470001220703125
2022-10-21,29.65310943325839,26.770533347766214,32.524799151541586,29.830130181001675,29.830130181001675,37.720001220703125
2022-10-24,29.50436088832906,26.50859557172094,32.19917230546777,29.768661306723708,29.768661306723708,34.25
2022-10-25,29.48466715364608,26.72499206183002,32.28804305485109,29.748171681964386,29.748171681964386,33.529998779296875
2022-10-26,29.57777326096104,26.77285147266015,32.423198340674105,29.72768205720506,29.72768205720506,32.709999084472656
2022-10-27,29.601548704827277,26.5982711194566,32.40565686632742,29.70719243244574,29.70719243244574,32.959999084472656
2022-10-28,29.50968205994356,26.62561950797652,32.273548413062926,29.68670280768642,29.68670280768642,32.56999969482422
2022-10-31,29.36093351501378,26.391911841153245,32.26057905868023,29.625233933408452,29.625233933408452,29.809999465942383
2022-11-01,29.34123978033032,26.609254101458944,32.31764736935716,29.60474430864913,29.60474430864913,29.860000610351562
2022-11-03,29.458121331511798,26.528764069673578,32.31013458477028,29.563765059130482,29.563765059130482,29.950000762939453
2022-11-04,29.366254686628732,26.58122809906961,32.14010379013125,29.54327543437116,29.54327543437116,28.299999237060547
2022-11-07,29.21750614170026,26.360402804395655,32.085146039755465,29.48180656009319,29.48180656009319,27.149999618530273
2022-11-08,29.197812407015036,26.535368100178708,32.050503118349994,29.461316935333873,29.461316935333873,27.350000381469727
2022-11-09,29.2909185143307,26.669946366727938,32.37636006198252,29.44082731057455,29.44082731057455,26.899999618530273
2022-11-10,29.314693958196322,26.343358266434684,32.103663534554414,29.420337685815227,29.420337685815227,26.1200008392334
2022-11-11,29.222827313313402,26.369593088482972,32.00218460191765,29.399848061055902,29.399848061055902,26.989999771118164
2022-11-14,29.074078768384478,26.36609810434094,31.9001593295737,29.338379186777935,29.338379186777935,27.700000762939453
2022-11-16,29.147491141015525,26.28382540209342,31.977454090289925,29.297399937259296,29.297399937259296,27.149999618530273
2022-11-17,29.171266584881124,26.196779249560805,32.36299985196742,29.27691031249997,29.27691031249997,27.15999984741211
2022-11-18,29.07939993999734,26.16342673031063,32.070306351008924,29.256420687740647,29.256420687740647,26.700000762939453
2022-11-21,28.930651395068697,26.065180078428703,31.88056518921655,29.19495181346268,29.19495181346268,26.780000686645508
2022-11-22,28.91095766038502,26.022463581433026,31.940653141989646,29.174462188703355,29.174462188703355,23.329999923706055
2022-11-23,29.004063767699893,26.109001730209513,31.750671734330194,29.153972563944038,29.153972563944038,23.440000534057617
2022-11-24,29.02783921156592,26.132191485379224,31.778391791972826,29.133482939184713,29.133482939184713,24.25
2022-11-25,28.935972566682015,25.93761177655525,31.91536562288815,29.112993314425392,29.112993314425392,23.860000610351562
2022-11-28,28.78722402175568,26.03439651974249,31.746689185375192,29.051524440147425,29.051524440147425,24.360000610351562
2022-11-29,28.767530287070013,25.88438984887574,31.67636269571917,29.0310348153881,29.0310348153881,25.3799991607666
2022-11-30,28.860636394384713,26.04046556564151,31.601309326883868,29.010545190628775,29.010545190628775,26.65999984741211
2022-12-01,28.88441183825017,26.07787114504842,31.579766823771497,28.990055565869458,28.990055565869458,25.59000015258789
2022-12-02,28.79254519336719,26.177619949920455,31.528560486764786,28.969565941110137,28.969565941110137,25.90999984741211
2022-12-05,28.6437966484394,25.570559484417625,31.661544708185122,28.908097066832166,28.908097066832166,25.6200008392334
2022-12-06,28.624102913754733,25.640537287275766,31.617788013348477,28.887607442072845,28.887607442072845,25.639999389648438
2022-12-07,28.71720902106954,25.762042748083804,31.640635318110736,28.86711781731352,28.86711781731352,25.350000381469727
2022-12-08,28.740984464934964,25.668771952582826,31.75856553856402,28.8466281925542,28.8466281925542,24.780000686645508
2022-12-09,28.649117820050623,25.88015045813271,31.291758929683752,28.826138567794878,28.826138567794878,24.709999084472656
2022-12-12,28.500369275124115,25.516272119803396,31.433425167279037,28.764669693516908,28.764669693516908,23.6200008392334
2022-12-13,28.480675540439723,25.744757304293923,31.35367434200072,28.744180068757586,28.744180068757586,
2022-12-14,28.573781647754366,25.607600469283998,31.519170900900285,28.72369044399826,28.72369044399826,
2022-12-15,28.59755709162036,25.426880557708788,31.246996453156353,28.703200819238944,28.703200819238944,
2022-12-16,28.50569044673579,25.643643103795537,31.261448033690762,28.68271119447962,28.68271119447962,
2022-12-17,29.142410879285393,26.410375522258363,32.03173970088757,28.6622215697203,28.6622215697203,
